Percents,Recenzie_href,Recenzie_text,Title_href,Title_text
96 %,/televizory/samsung-ue40j5100/recenzie,25 recenzií,/televizory/samsung-ue40j5100,SAMSUNG UE40J5100
96 %,/televizory/lg-42lf652v/recenzie,23 recenzií,/televizory/lg-42lf652v,LG 42LF652V
99 %,/televizory/samsung-ue32j5100/recenzie,21 recenzií,/televizory/samsung-ue32j5100,SAMSUNG UE32J5100
100 %,/televizory/lg-43lh560v/recenzie,4 recenzie,/televizory/lg-43lh560v,LG 43LH560V
90 %,/televizory/samsung-ue40j6272/recenzie,2 recenzie,/televizory/samsung-ue40j6272,SAMSUNG UE40J6272
,,,/televizory/panasonic-tx-48cx400e,PANASONIC TX-48CX400E
100 %,/televizory/lg-32lf510b/recenzie,3 recenzie,/televizory/lg-32lf510b,LG 32LF510B
,,,/televizory/philips-40pfh4100,PHILIPS 40PFH4100
100 %,/televizory/samsung-ue32j5572/recenzie,4 recenzie,/televizory/samsung-ue32j5572,SAMSUNG UE32J5572
,,,/televizory/lg-oled55b6j,LG OLED55B6J
,,,/televizory/lg-49uh600v,LG 49UH600V
,,,/televizory/samsung-ue55ks9002,SAMSUNG UE55KS9002
96 %,/televizory/samsung-ue48j6272/recenzie,6 recenzií,/televizory/samsung-ue48j6272,SAMSUNG UE48J6272
93 %,/televizory/philips-32pfh5300/recenzie,3 recenzie,/televizory/philips-32pfh5300,PHILIPS 32PFH5300
,,,/televizory/samsung-ue40ju6472,SAMSUNG UE40JU6472
,,,/televizory/sony-kdl-50w805,SONY KDL-50W805
,,,/televizory/samsung-ue22h5600,SAMSUNG UE22H5600
,,,/televizory/sony-kdl-48w705,SONY KDL-48W705