Names_text,Names_href,Names_const,Names_outerHtml,Images_src,Images_alt,Images_width,Images_height
Merrill X. Dyer,http://testserver:12345/persons/0,--- NAME ---,<a href="./0">Merrill X. Dyer</a>,http://testserver:12345/static/img/avataaars-1.svg,,264,280
Kato V. Weaver,http://testserver:12345/persons/1,--- NAME ---,<a href="./1">Kato V. Weaver</a>,http://testserver:12345/static/img/avataaars-2.svg,,264,280
Katelyn Huber,http://testserver:12345/persons/2,--- NAME ---,<a href="./2">Katelyn Huber</a>,http://testserver:12345/static/img/avataaars-3.svg,,264,280
Fulton M. Kim,http://testserver:12345/persons/3,--- NAME ---,<a href="./3">Fulton M. Kim</a>,http://testserver:12345/static/img/avataaars-4.svg,,264,280
Magee Schultz,http://testserver:12345/persons/4,--- NAME ---,<a href="./4">Magee Schultz</a>,http://testserver:12345/static/img/avataaars-5.svg,,264,280
Athena K. Becker,http://testserver:12345/persons/5,--- NAME ---,<a href="./5">Athena K. Becker</a>,http://testserver:12345/static/img/avataaars-6.svg,,264,280
Samson Boyer,http://testserver:12345/persons/6,--- NAME ---,<a href="./6">Samson Boyer</a>,http://testserver:12345/static/img/avataaars-7.svg,,264,280
Jordan Mueller,http://testserver:12345/persons/7,--- NAME ---,<a href="./7">Jordan Mueller</a>,http://testserver:12345/static/img/avataaars-8.svg,,264,280
Myra Best,http://testserver:12345/persons/8,--- NAME ---,<a href="./8">Myra Best</a>,http://testserver:12345/static/img/avataaars-9.svg,,264,280
Quinlan T. Trujillo,http://testserver:12345/persons/9,--- NAME ---,<a href="./9">Quinlan T. Trujillo</a>,http://testserver:12345/static/img/avataaars-10.svg,,264,280
Eve O. Dale,http://testserver:12345/persons/10,--- NAME ---,<a href="./10">Eve O. Dale</a>,http://testserver:12345/static/img/avataaars-11.svg,,264,280
Clementine K. Monroe,http://testserver:12345/persons/11,--- NAME ---,<a href="./11">Clementine K. Monroe</a>,http://testserver:12345/static/img/avataaars-12.svg,,264,280
Paula Savage,http://testserver:12345/persons/12,--- NAME ---,<a href="./12">Paula Savage</a>,http://testserver:12345/static/img/avataaars-13.svg,,264,280
Rudyard Wood,http://testserver:12345/persons/13,--- NAME ---,<a href="./13">Rudyard Wood</a>,http://testserver:12345/static/img/avataaars-14.svg,,264,280
Cally X. Joseph,http://testserver:12345/persons/14,--- NAME ---,<a href="./14">Cally X. Joseph</a>,http://testserver:12345/static/img/avataaars-15.svg,,264,280
Vielka I. Harrison,http://testserver:12345/persons/15,--- NAME ---,<a href="./15">Vielka I. Harrison</a>,http://testserver:12345/static/img/avataaars-16.svg,,264,280
Merritt Underwood,http://testserver:12345/persons/16,--- NAME ---,<a href="./16">Merritt Underwood</a>,http://testserver:12345/static/img/avataaars-17.svg,,264,280
Maite Bernard,http://testserver:12345/persons/17,--- NAME ---,<a href="./17">Maite Bernard</a>,http://testserver:12345/static/img/avataaars-18.svg,,264,280
Macy Z. Taylor,http://testserver:12345/persons/18,--- NAME ---,<a href="./18">Macy Z. Taylor</a>,http://testserver:12345/static/img/avataaars-19.svg,,264,280
Anne O. Cleveland,http://testserver:12345/persons/19,--- NAME ---,<a href="./19">Anne O. Cleveland</a>,http://testserver:12345/static/img/avataaars-20.svg,,264,280
Hashim C. Terrell,http://testserver:12345/persons/20,--- NAME ---,<a href="./20">Hashim C. Terrell</a>,http://testserver:12345/static/img/avataaars-21.svg,,264,280
Zia C. Houston,http://testserver:12345/persons/21,--- NAME ---,<a href="./21">Zia C. Houston</a>,http://testserver:12345/static/img/avataaars-22.svg,,264,280
Mari T. Stark,http://testserver:12345/persons/22,--- NAME ---,<a href="./22">Mari T. Stark</a>,http://testserver:12345/static/img/avataaars-23.svg,,264,280
Skyler R. Doyle,http://testserver:12345/persons/23,--- NAME ---,<a href="./23">Skyler R. Doyle</a>,http://testserver:12345/static/img/avataaars-24.svg,,264,280
Adele Cummings,http://testserver:12345/persons/24,--- NAME ---,<a href="./24">Adele Cummings</a>,http://testserver:12345/static/img/avataaars-25.svg,,264,280
Rahim Everett,http://testserver:12345/persons/25,--- NAME ---,<a href="./25">Rahim Everett</a>,http://testserver:12345/static/img/avataaars-26.svg,,264,280
Denise Paul,http://testserver:12345/persons/26,--- NAME ---,<a href="./26">Denise Paul</a>,http://testserver:12345/static/img/avataaars-27.svg,,264,280
Holmes A. Hardy,http://testserver:12345/persons/27,--- NAME ---,<a href="./27">Holmes A. Hardy</a>,http://testserver:12345/static/img/avataaars-28.svg,,264,280
Fletcher Rich,http://testserver:12345/persons/28,--- NAME ---,<a href="./28">Fletcher Rich</a>,http://testserver:12345/static/img/avataaars-29.svg,,264,280
Julie L. Garrett,http://testserver:12345/persons/29,--- NAME ---,<a href="./29">Julie L. Garrett</a>,http://testserver:12345/static/img/avataaars-30.svg,,264,280
